timestamp,symbol,strategy,action,price,quantity,order_type,tp_price,sl_price
2025-11-21 12:08:17.619431,SOXS,VWAP_Trend,BUY,MARKET,10,MARKET,,
2025-11-21 12:08:20.413,TSLL,MA_Crossover_50_200,BUY,16.0,10,BRACKET,16.64,15.68
2025-11-21 12:08:24.566260,SOXL,MA_Crossover_50_200,BUY,30.01,10,BRACKET,31.21,29.41
2025-11-21 12:08:27.929070,NVDA,MA_Crossover_50_200,BUY,177.29,10,BRACKET,184.38,173.74
2025-11-21 12:08:30.465918,IBIT,MA_Crossover_50_200,BUY,47.18,10,BRACKET,49.07,46.24
2025-11-21 12:08:33.725485,IONZ,VWAP_Trend,BUY,6.74,10,BRACKET,7.01,6.61
2025-11-21 12:08:35.815674,TQQQ,MA_Crossover_50_200,BUY,45.8,10,BRACKET,47.63,44.88
2025-11-21 12:08:39.089646,ETHA,MA_Crossover_50_200,BUY,20.46,10,BRACKET,21.28,20.05
2025-11-21 12:08:43.735671,NVD,VWAP_Trend,BUY,9.34,10,BRACKET,9.71,9.15
2025-11-21 12:08:46.295630,MSTZ,VWAP_Trend,BUY,15.6,10,BRACKET,16.22,15.29
2025-11-21 12:08:52.567397,NVRI,MA_Crossover_50_200,BUY,17.79,10,BRACKET,18.5,17.43
2025-11-21 12:09:07.641251,SQQQ,VWAP_Trend,BUY,83.62,10,BRACKET,86.96,81.95
2025-11-21 12:09:09.394152,FXI,MA_Crossover_50_200,BUY,38.46,10,BRACKET,40.0,37.69
2025-11-21 12:09:12.160302,BMNR,MA_Crossover_50_200,BUY,24.98,10,BRACKET,25.98,24.48
2025-11-21 12:09:15.283600,PLTZ,VWAP_Trend,BUY,8.9,10,BRACKET,9.26,8.72
2025-11-21 12:09:18.873101,TSLQ,VWAP_Trend,BUY,27.91,10,BRACKET,29.03,27.35
2025-11-21 12:09:20.891254,ETHU,MA_Crossover_50_200,BUY,48.26,10,BRACKET,50.19,47.29
2025-11-21 12:09:23.709262,BITX,Bollinger_Bands_Reversion,BUY,26.69,10,BRACKET,27.76,26.16
2025-11-21 12:09:27.014503,IREN,MA_Crossover_50_200,BUY,41.66,10,BRACKET,43.33,40.83
2025-11-21 12:09:29.764476,MARA,MA_Crossover_50_200,BUY,9.97,10,BRACKET,10.37,9.77
2025-11-21 12:09:32.775161,OPEN,MA_Crossover_50_200,BUY,5.84,10,BRACKET,6.07,5.72
2025-11-21 12:09:36.457684,UVIX,VWAP_Trend,BUY,13.16,10,BRACKET,13.69,12.9
2025-11-21 12:09:39.787262,NVDX,MA_Crossover_50_200,BUY,16.28,10,BRACKET,16.93,15.95
2025-11-21 12:09:43.316989,IONQ,MA_Crossover_50_200,BUY,40.51,10,BRACKET,42.13,39.7
2025-11-21 12:09:49.884312,NVDL,MA_Crossover_50_200,BUY,80.85,10,BRACKET,84.08,79.23
2025-11-21 12:09:54.503999,TSLA,MA_Crossover_50_200,BUY,398.74,10,BRACKET,414.69,390.77
2025-11-21 12:09:59.978039,PLTR,MA_Crossover_50_200,BUY,154.04,10,BRACKET,160.2,150.96
2025-11-21 12:11:43.692731,SOFI,MA_Crossover_50_200,BUY,24.19,10,BRACKET,25.16,23.71
2025-11-21 12:16:48.109764,INTC,MA_Crossover_50_200,BUY,33.39,10,BRACKET,34.73,32.72
2025-11-21 12:32:21.615670,AMD,MA_Crossover_50_200,BUY,MARKET,10,MARKET,,
2025-11-21 12:32:25.580836,NIO,MA_Crossover_50_200,BUY,5.33,10,BRACKET,5.54,5.22
2025-11-21 14:02:15.316347,TSLL,MA_Crossover_50_200,BUY,15.95,10,BRACKET,16.59,15.63
2025-11-21 14:02:17.719978,SOXL,MA_Crossover_50_200,BUY,30.13,10,BRACKET,31.34,29.53
2025-11-21 14:02:20.833066,NVDA,MA_Crossover_50_200,BUY,179.28,10,BRACKET,186.45,175.69
2025-11-21 14:02:23.764456,IBIT,MA_Crossover_50_200,BUY,47.19,10,BRACKET,49.08,46.25
2025-11-21 14:02:26.149836,TQQQ,MA_Crossover_50_200,BUY,46.45,10,BRACKET,48.31,45.52
2025-11-21 14:02:29.127035,IONZ,VWAP_Trend,BUY,6.38,10,BRACKET,6.64,6.25
2025-11-21 14:02:30.789400,ETHA,MA_Crossover_50_200,BUY,20.51,10,BRACKET,21.33,20.1
2025-11-21 14:02:34.710284,MSTZ,VWAP_Trend,BUY,15.29,10,BRACKET,15.9,14.98
2025-11-21 14:02:42.099847,NVD,VWAP_Trend,BUY,9.13,10,BRACKET,9.5,8.95
2025-11-21 14:02:46.053455,SQQQ,VWAP_Trend,BUY,82.52,10,BRACKET,85.82,80.87
2025-11-21 14:37:44.021155,BMNR,MA_Crossover_50_200,BUY,25.65,10,BRACKET,26.68,25.14
2025-11-21 14:37:46.627165,BITX,Bollinger_Bands_Reversion,BUY,26.95,10,BRACKET,28.03,26.41
2025-11-21 14:37:52.278091,MARA,MA_Crossover_50_200,BUY,10.12,10,BRACKET,10.52,9.92
2025-11-21 14:37:58.921222,PLTZ,VWAP_Trend,BUY,8.56,10,BRACKET,8.9,8.39
2025-11-21 14:38:01.440220,UVIX,VWAP_Trend,BUY,12.57,10,BRACKET,13.07,12.32
2025-11-21 14:38:03.114089,ETHU,MA_Crossover_50_200,BUY,48.84,10,BRACKET,50.79,47.86
2025-11-21 14:38:06.357598,TSLQ,VWAP_Trend,BUY,27.49,10,BRACKET,28.59,26.94
2025-11-21 14:38:08.028356,IREN,MA_Crossover_50_200,BUY,43.26,10,BRACKET,44.99,42.39
2025-11-21 14:38:10.567535,SOFI,MA_Crossover_50_200,BUY,MARKET,10,MARKET,,
2025-11-21 14:38:14.280740,TSLA,MA_Crossover_50_200,BUY,401.68,10,BRACKET,417.75,393.65
2025-11-21 14:38:18.311645,NIO,MA_Crossover_50_200,BUY,5.39,10,BRACKET,5.61,5.28
2025-11-21 14:38:20.660316,OPEN,MA_Crossover_50_200,BUY,6.16,10,BRACKET,6.41,6.04
2025-11-21 14:38:23.861117,NVRI,VWAP_Trend,BUY,18.33,10,BRACKET,19.06,17.96
2025-11-21 14:38:25.754492,NVDX,MA_Crossover_50_200,BUY,16.95,10,BRACKET,17.63,16.61
2025-11-21 14:38:29.818776,NVDL,MA_Crossover_50_200,BUY,83.68,10,BRACKET,87.03,82.01
2025-11-21 14:38:33.538541,IONQ,MA_Crossover_50_200,BUY,41.97,10,BRACKET,43.65,41.13
2025-11-21 14:38:36.421018,PLTR,MA_Crossover_50_200,BUY,156.59,10,BRACKET,162.85,153.46
2025-11-21 14:38:41.178048,RGTI,MA_Crossover_50_200,BUY,22.92,10,BRACKET,23.84,22.46
2025-11-21 14:38:48.303551,INTC,MA_Crossover_50_200,BUY,33.86,10,BRACKET,35.21,33.18
2025-11-21 14:38:51.209496,IWM,MA_Crossover_50_200,BUY,232.71,10,BRACKET,242.02,228.06
2025-11-21 14:38:54.175304,AMD,MA_Crossover_50_200,BUY,208.06,10,BRACKET,216.38,203.9
2025-11-21 14:38:57.958466,BITU,Bollinger_Bands_Reversion,BUY,26.37,10,BRACKET,27.42,25.84
2025-11-21 14:39:03.978912,FXI,MA_Crossover_50_200,BUY,38.67,10,BRACKET,40.22,37.9
2025-11-21 14:39:07.025506,AMDL,MA_Crossover_50_200,BUY,14.97,10,BRACKET,15.57,14.67
2025-11-21 14:39:09.860910,GOOGL,MA_Crossover_50_200,BUY,295.43,10,BRACKET,307.25,289.52
2025-11-21 14:39:12.566147,SLV,MA_Crossover_50_200,BUY,45.29,10,BRACKET,47.1,44.38
2025-11-21 14:39:17.450913,RGTZ,VWAP_Trend,BUY,MARKET,10,MARKET,,
2025-11-21 14:39:21.368295,VXX,VWAP_Trend,BUY,38.84,10,BRACKET,40.39,38.06
2025-11-21 14:39:23.970012,CONL,MA_Crossover_50_200,BUY,16.69,10,BRACKET,17.36,16.36
2025-11-21 14:39:26.962791,QBTS,MA_Crossover_50_200,BUY,20.39,10,BRACKET,21.21,19.98
2025-11-21 14:39:32.432852,PLTD,VWAP_Trend,BUY,7.73,10,BRACKET,8.04,7.58
2025-11-21 14:39:36.585903,TZA,VWAP_Trend,BUY,MARKET,10,MARKET,,
2025-11-21 14:39:38.589306,CIFR,MA_Crossover_50_200,BUY,14.5,10,BRACKET,15.08,14.21
2025-11-21 14:55:23.392230,SOXL,MA_Crossover_50_200,BUY,31.54,10,BRACKET,32.8,30.91
2025-11-21 15:01:49.603159,SLB,Bollinger_Bands_Reversion,BUY,35.95,10,BRACKET,37.39,35.23
2025-11-21 15:01:55.019390,MSFT,MA_Crossover_50_200,BUY,483.16,10,BRACKET,502.49,473.5
2025-11-21 15:02:00.885489,T,VWAP_Trend,BUY,MARKET,10,MARKET,,
2025-11-21 15:02:08.473056,WMT,MA_Crossover_50_200,BUY,108.94,10,BRACKET,113.3,106.76
2025-11-21 15:02:12.080737,DUK,MA_Crossover_50_200,BUY,124.25,10,BRACKET,129.22,121.77
2025-11-21 15:02:15.532951,CSX,MA_Crossover_50_200,BUY,34.24,10,BRACKET,35.61,33.56
2025-11-21 15:02:20.599253,ONDS,MA_Crossover_50_200,BUY,6.35,10,BRACKET,6.6,6.22
2025-11-21 15:15:47.071196,BBAI,MA_Crossover_50_200,BUY,5.65,10,BRACKET,5.88,5.54
2025-11-21 15:23:35.213390,HOOD,MA_Crossover_50_200,BUY,107.39,10,BRACKET,111.69,105.24
2025-11-21 15:28:26.708666,NVRI,VWAP_Trend,BUY,18.88,10,BRACKET,19.64,18.5
2025-11-21 15:44:24.492470,NMR,MA_Crossover_50_200,BUY,7.04,10,BRACKET,7.32,6.9
2025-11-21 15:49:22.728043,LEN,MA_Crossover_50_200,BUY,117.77,10,BRACKET,122.48,115.41
2025-11-21 15:53:27.990685,ETHU,MA_Crossover_50_200,BUY,51.02,10,BRACKET,53.06,50.0
2025-11-21 16:30:46.360058,CIFR,MA_Crossover_50_200,BUY,14.93,10,BRACKET,15.53,14.63
2025-11-21 16:31:19.313044,BBAI,MA_Crossover_50_200,BUY,5.53,10,BRACKET,5.75,5.42
2025-11-21 16:31:51.292540,SOXL,MA_Crossover_50_200,BUY,31.03,10,BRACKET,32.27,30.41
2025-11-21 16:32:04.918656,SQQQ,VWAP_Trend,BUY,81.01,10,BRACKET,84.25,79.39
2025-11-21 16:32:08.285433,IONZ,VWAP_Trend,BUY,6.19,10,BRACKET,6.44,6.07
2025-11-21 16:32:19.463211,NVD,VWAP_Trend,BUY,8.81,10,BRACKET,9.16,8.63
2025-11-21 16:32:23.411959,MSTZ,VWAP_Trend,BUY,13.87,10,BRACKET,14.42,13.59
2025-11-21 16:32:25.105945,OPEN,MA_Crossover_50_200,BUY,6.57,10,BRACKET,6.83,6.44
2025-11-21 16:32:29.976246,SOFI,VWAP_Trend,SELL,24.78,10.0,LIMIT,,
2025-11-21 16:32:38.727340,UVIX,VWAP_Trend,BUY,12.31,10,BRACKET,12.8,12.06
2025-11-21 16:32:48.637108,AMZN,MA_Crossover_50_200,BUY,219.1,10,BRACKET,227.86,214.72
2025-11-21 16:32:58.358676,AAPL,MA_Crossover_50_200,BUY,269.53,10,BRACKET,280.31,264.14
2025-11-21 16:33:11.193854,GOOG,MA_Crossover_50_200,BUY,301.15,10,BRACKET,313.2,295.13
2025-11-21 16:33:24.149283,ETHU,MA_Crossover_50_200,BUY,50.32,10,BRACKET,52.33,49.31
2025-11-21 16:33:26.802376,T,MA_Crossover_50_200,SELL,25.28,10.0,LIMIT,,
2025-11-21 16:33:28.791530,T,VWAP_Trend,BUY,25.8,10,BRACKET,26.83,25.28
2025-11-21 16:33:32.665303,CIFR,MA_Crossover_50_200,BUY,14.6,10,BRACKET,15.18,14.31
2025-11-21 16:33:41.144362,PLTZ,VWAP_Trend,BUY,8.48,10,BRACKET,8.82,8.31
2025-11-21 16:33:48.592098,TSLQ,VWAP_Trend,BUY,27.44,10,BRACKET,28.54,26.89
2025-11-21 16:34:44.261342,BMNR,MA_Crossover_50_200,BUY,26.9,10,BRACKET,27.98,26.36
2025-11-21 16:34:51.777841,IONZ,VWAP_Trend,BUY,6.05,10,BRACKET,6.29,5.93
2025-11-21 16:34:57.920931,SOFI,MA_Crossover_50_200,BUY,25.16,10,BRACKET,26.17,24.66
2025-11-21 16:36:08.563183,TSLQ,VWAP_Trend,BUY,MARKET,10,MARKET,,
2025-11-21 16:36:23.491710,PLTZ,VWAP_Trend,BUY,8.43,10,BRACKET,8.77,8.26
2025-11-21 16:36:33.279881,NVDL,MA_Crossover_50_200,BUY,83.04,10,BRACKET,86.36,81.38
2025-11-21 16:36:41.784828,NVDX,MA_Crossover_50_200,BUY,16.74,10,BRACKET,17.41,16.41
2025-11-21 16:37:00.217248,SOXL,MA_Crossover_50_200,BUY,31.06,10,BRACKET,32.3,30.44
2025-11-21 16:37:31.105961,IONZ,VWAP_Trend,BUY,6.01,10,BRACKET,6.25,5.89
2025-11-21 16:37:38.839131,MSTZ,VWAP_Trend,BUY,13.8,10,BRACKET,14.35,13.52
2025-11-21 16:38:22.146844,AMD,MA_Crossover_50_200,BUY,206.15,10,BRACKET,214.4,202.03
2025-11-21 16:38:54.881777,TSLQ,MA_Crossover_50_200,SELL,26.63,10.0,LIMIT,,
2025-11-21 16:38:56.878747,TSLQ,VWAP_Trend,BUY,27.36,10,BRACKET,28.45,26.81
2025-11-21 16:39:04.028710,PFE,MA_Crossover_50_200,BUY,25.17,10,BRACKET,26.18,24.67
2025-11-21 16:39:09.615985,PLTZ,VWAP_Trend,BUY,MARKET,10,MARKET,,
2025-11-21 16:39:15.655833,NVDL,MA_Crossover_50_200,BUY,82.07,10,BRACKET,85.35,80.43
2025-11-21 16:39:35.653934,SOXL,MA_Crossover_50_200,BUY,30.48,10,BRACKET,31.7,29.87
2025-11-21 16:39:55.702465,BMNR,MA_Crossover_50_200,BUY,26.58,10,BRACKET,27.64,26.05
2025-11-21 16:41:15.696833,TSLQ,VWAP_Trend,BUY,27.09,10,BRACKET,28.17,26.55
2025-11-21 16:41:23.699939,NVDX,MA_Crossover_50_200,BUY,16.6,10,BRACKET,17.26,16.27
2025-11-21 16:41:35.041107,PLTZ,Bollinger_Bands_Reversion,SELL,8.19,10.0,LIMIT,,
2025-11-21 16:42:28.171370,SOFI,MA_Crossover_50_200,BUY,24.94,10,BRACKET,25.94,24.44
2025-11-21 16:42:47.367046,IONZ,VWAP_Trend,BUY,6.17,10,BRACKET,6.42,6.05
2025-11-21 16:42:53.361216,MSTZ,VWAP_Trend,BUY,13.61,10,BRACKET,14.15,13.34
2025-11-21 16:44:08.213560,PLTZ,VWAP_Trend,BUY,8.56,10,BRACKET,8.9,8.39
2025-11-21 16:44:20.793099,F,MA_Crossover_50_200,BUY,12.65,10,BRACKET,13.16,12.4
2025-11-21 16:45:06.285919,BMNR,MA_Crossover_50_200,BUY,26.48,10,BRACKET,27.54,25.95
2025-11-21 16:45:21.834531,IONZ,VWAP_Trend,BUY,6.09,10,BRACKET,6.33,5.97
2025-11-21 16:45:45.495204,AMD,MA_Crossover_50_200,BUY,203.42,10,BRACKET,211.56,199.35
2025-11-21 16:46:03.397534,CIFR,MA_Crossover_50_200,BUY,14.48,10,BRACKET,15.06,14.19
2025-11-21 16:46:45.905941,TZA,MA_Crossover_50_200,SELL,9.33,10.0,LIMIT,,
2025-11-21 16:46:47.873408,TZA,VWAP_Trend,BUY,9.52,10,BRACKET,9.9,9.33
2025-11-21 16:46:59.600875,XLF,MA_Crossover_50_200,BUY,51.73,10,BRACKET,53.8,50.7
2025-11-21 16:47:21.242110,SOXL,MA_Crossover_50_200,BUY,30.32,10,BRACKET,31.53,29.71
2025-11-21 16:47:37.218450,SOFI,MA_Crossover_50_200,BUY,24.54,10,BRACKET,25.52,24.05
2025-11-21 16:47:46.256382,BMNR,MA_Crossover_50_200,BUY,26.21,10,BRACKET,27.26,25.69
2025-11-21 16:48:12.198245,PLTR,MA_Crossover_50_200,BUY,156.82,10,BRACKET,163.09,153.68
2025-11-21 16:49:40.794022,ORCL,MA_Crossover_50_200,BUY,202.92,10,BRACKET,211.04,198.86
2025-11-21 16:51:32.682847,TZA,VWAP_Trend,BUY,9.44,10,BRACKET,9.82,9.25
2025-11-21 16:52:14.792675,BAC,MA_Crossover_50_200,BUY,51.55,10,BRACKET,53.61,50.52
2025-11-21 16:54:30.303230,PLTZ,VWAP_Trend,BUY,8.42,10,BRACKET,8.76,8.25
2025-11-21 16:55:17.947019,SQQQ,VWAP_Trend,BUY,80.44,10,BRACKET,83.66,78.83
2025-11-21 16:56:27.802499,BBAI,MA_Crossover_50_200,BUY,5.42,10,BRACKET,5.64,5.31
2025-11-21 16:56:35.708543,TZA,VWAP_Trend,BUY,9.42,10,BRACKET,9.8,9.23
2025-11-21 16:57:19.057800,SPDN,VWAP_Trend,BUY,9.96,10,BRACKET,10.36,9.76
2025-11-21 16:58:06.391713,BMNR,MA_Crossover_50_200,BUY,26.07,10,BRACKET,27.11,25.55
2025-11-21 16:58:37.367423,IONZ,VWAP_Trend,BUY,6.48,10,BRACKET,6.74,6.35
2025-11-21 17:01:30.878352,CIFR,MA_Crossover_50_200,BUY,14.3,10,BRACKET,14.87,14.01
2025-11-21 17:01:39.093285,TZA,VWAP_Trend,BUY,9.37,10,BRACKET,9.74,9.18
2025-11-21 17:02:20.290423,RGTI,MA_Crossover_50_200,BUY,22.55,10,BRACKET,23.45,22.1
2025-11-21 17:02:26.421607,QBTS,MA_Crossover_50_200,BUY,19.57,10,BRACKET,20.35,19.18
2025-11-21 17:02:48.035162,SOXL,MA_Crossover_50_200,BUY,30.06,10,BRACKET,31.26,29.46
2025-11-21 17:03:12.383706,BMNR,MA_Crossover_50_200,BUY,25.58,10,BRACKET,26.6,25.07
2025-11-21 17:03:26.556022,PLTR,MA_Crossover_50_200,BUY,156.69,10,BRACKET,162.96,153.56
2025-11-21 17:03:30.393855,ONDS,MA_Crossover_50_200,BUY,6.29,10,BRACKET,6.54,6.16
2025-11-21 17:03:46.189673,IREN,MA_Crossover_50_200,BUY,43.0,10,BRACKET,44.72,42.14
2025-11-21 17:03:50.737340,MSTZ,VWAP_Trend,BUY,14.33,10,BRACKET,14.9,14.04
2025-11-21 17:03:58.361158,BBAI,MA_Crossover_50_200,BUY,5.37,10,BRACKET,5.58,5.26
2025-11-21 17:04:03.037542,UVIX,VWAP_Trend,BUY,13.07,10,BRACKET,13.59,12.81
2025-11-21 17:04:04.915471,CIFR,MA_Crossover_50_200,BUY,14.25,10,BRACKET,14.82,13.96
2025-11-21 17:04:18.491227,ORCL,MA_Crossover_50_200,BUY,200.84,10,BRACKET,208.87,196.82
2025-11-21 17:05:06.853909,MSFT,MA_Crossover_50_200,BUY,476.74,10,BRACKET,495.81,467.21
2025-11-21 17:06:31.112357,MSTZ,VWAP_Trend,BUY,14.15,10,BRACKET,14.72,13.87
2025-11-21 17:06:40.916946,UVIX,VWAP_Trend,BUY,12.73,10,BRACKET,13.24,12.48
2025-11-21 17:07:37.521846,IONQ,MA_Crossover_50_200,BUY,MARKET,10,MARKET,,
2025-11-21 17:07:39.560677,IONQ,VWAP_Trend,SELL,40.11,10.0,LIMIT,,
2025-11-21 17:10:10.260060,IONQ,MA_Crossover_50_200,BUY,40.74,10,BRACKET,42.37,39.93
2025-11-21 17:13:16.813081,TSLL,MA_Crossover_50_200,BUY,15.77,10,BRACKET,16.4,15.45
2025-11-21 17:13:31.218390,TSLA,MA_Crossover_50_200,BUY,397.89,10,BRACKET,413.81,389.93
2025-11-21 17:13:39.317246,ONDS,MA_Crossover_50_200,BUY,6.19,10,BRACKET,6.44,6.07
2025-11-21 17:13:49.175587,PLTR,MA_Crossover_50_200,BUY,155.16,10,BRACKET,161.37,152.06
2025-11-21 17:14:14.578022,BBAI,MA_Crossover_50_200,BUY,5.3,10,BRACKET,5.51,5.19
2025-11-21 17:14:34.224921,CIFR,MA_Crossover_50_200,BUY,14.13,10,BRACKET,14.7,13.85
2025-11-21 17:14:54.294895,RGTI,MA_Crossover_50_200,BUY,22.25,10,BRACKET,23.14,21.8
2025-11-21 17:15:25.167476,IONQ,MA_Crossover_50_200,BUY,40.39,10,BRACKET,42.01,39.58
2025-11-21 17:15:33.232809,ACHR,MA_Crossover_50_200,BUY,6.85,10,BRACKET,7.12,6.71
2025-11-21 17:15:48.636676,SOXL,MA_Crossover_50_200,BUY,29.82,10,BRACKET,31.01,29.22
2025-11-21 17:16:27.534829,AMD,MA_Crossover_50_200,BUY,201.48,10,BRACKET,209.54,197.45
2025-11-21 17:16:50.973122,IONZ,VWAP_Trend,BUY,6.8,10,BRACKET,7.07,6.66
2025-11-21 17:16:59.310363,UVIX,VWAP_Trend,BUY,13.41,10,BRACKET,13.95,13.14
2025-11-21 17:17:31.373641,QBTS,MA_Crossover_50_200,BUY,19.28,10,BRACKET,20.05,18.89
2025-11-21 17:17:46.664829,HOOD,MA_Crossover_50_200,BUY,107.17,10,BRACKET,111.46,105.03
2025-11-21 17:17:52.543812,PLTZ,VWAP_Trend,BUY,8.89,10,BRACKET,9.25,8.71
2025-11-21 17:18:06.835813,SOUN,MA_Crossover_50_200,BUY,10.8,10,BRACKET,11.23,10.58
2025-11-21 17:18:10.008660,IONQ,MA_Crossover_50_200,BUY,40.18,10,BRACKET,41.79,39.38
2025-11-21 17:18:16.126333,QID,VWAP_Trend,BUY,MARKET,10,MARKET,,
2025-11-21 17:18:32.008854,SOXL,MA_Crossover_50_200,BUY,29.55,10,BRACKET,30.73,28.96
2025-11-21 17:19:03.781525,BMNR,MA_Crossover_50_200,BUY,25.56,10,BRACKET,26.58,25.05
2025-11-21 17:19:31.564705,BBAI,MA_Crossover_50_200,BUY,5.29,10,BRACKET,5.5,5.18
2025-11-21 17:19:38.341661,IONZ,VWAP_Trend,BUY,6.72,10,BRACKET,6.99,6.59
2025-11-21 17:19:44.819113,UVIX,VWAP_Trend,BUY,13.29,10,BRACKET,13.82,13.02
2025-11-21 17:19:46.700256,IREN,MA_Crossover_50_200,BUY,42.85,10,BRACKET,44.56,41.99
2025-11-21 17:20:06.553092,CIFR,MA_Crossover_50_200,BUY,14.14,10,BRACKET,14.71,13.86
2025-11-21 17:20:08.938582,RGTI,MA_Crossover_50_200,BUY,22.07,10,BRACKET,22.95,21.63
2025-11-21 17:20:24.680464,NVDX,MA_Crossover_50_200,BUY,16.48,10,BRACKET,17.14,16.15
2025-11-21 17:20:32.666790,HOOD,MA_Crossover_50_200,BUY,106.19,10,BRACKET,110.44,104.07
2025-11-21 17:20:38.561079,PLTZ,VWAP_Trend,BUY,8.87,10,BRACKET,9.22,8.69
2025-11-21 17:20:49.188293,TSLQ,VWAP_Trend,BUY,28.36,10,BRACKET,29.49,27.79
2025-11-21 17:21:00.450585,QID,MA_Crossover_50_200,SELL,22.47,10.0,LIMIT,,
2025-11-21 17:21:02.387296,QID,VWAP_Trend,BUY,22.95,10,BRACKET,23.87,22.49
2025-11-21 17:21:16.373857,SOXS,VWAP_Trend,BUY,5.07,10,BRACKET,5.27,4.97
2025-11-21 17:21:28.364765,TSLL,MA_Crossover_50_200,BUY,15.49,10,BRACKET,16.11,15.18
2025-11-21 17:21:40.677008,TSLA,MA_Crossover_50_200,BUY,393.87,10,BRACKET,409.62,385.99
2025-11-21 17:21:44.728514,SOFI,MA_Crossover_50_200,BUY,24.55,10,BRACKET,25.53,24.06
2025-11-21 17:21:52.974072,PLTR,MA_Crossover_50_200,BUY,153.66,10,BRACKET,159.81,150.59
2025-11-21 17:22:00.917941,BMNR,MA_Crossover_50_200,BUY,25.21,10,BRACKET,26.22,24.71
2025-11-21 17:22:03.585643,ONDS,MA_Crossover_50_200,BUY,6.25,10,BRACKET,6.5,6.12
2025-11-21 17:22:22.804745,BBAI,MA_Crossover_50_200,BUY,5.27,10,BRACKET,5.48,5.16
2025-11-21 17:22:39.219220,IREN,MA_Crossover_50_200,BUY,42.35,10,BRACKET,44.04,41.5
2025-11-21 17:22:48.870995,CIFR,MA_Crossover_50_200,BUY,14.05,10,BRACKET,14.61,13.77
2025-11-21 17:23:03.224438,ORCL,MA_Crossover_50_200,BUY,200.25,10,BRACKET,208.26,196.25
2025-11-21 17:24:03.089589,SOXL,MA_Crossover_50_200,BUY,29.8,10,BRACKET,30.99,29.2
2025-11-21 17:24:22.905779,SOFI,MA_Crossover_50_200,BUY,24.45,10,BRACKET,25.43,23.96
2025-11-21 17:24:38.634958,ONDS,MA_Crossover_50_200,BUY,6.12,10,BRACKET,6.36,6.0
2025-11-21 17:25:16.334162,UVIX,VWAP_Trend,BUY,13.03,10,BRACKET,13.55,12.77
2025-11-21 17:26:17.973236,TSLS,VWAP_Trend,BUY,5.99,10,BRACKET,6.23,5.87
2025-11-21 17:26:25.968511,QID,VWAP_Trend,BUY,22.85,10,BRACKET,23.76,22.39
2025-11-21 17:26:33.001119,BE,MA_Crossover_50_200,BUY,82.25,10,BRACKET,85.54,80.61
2025-11-21 17:28:09.660528,IREN,MA_Crossover_50_200,BUY,41.75,10,BRACKET,43.42,40.91
2025-11-21 17:28:15.226259,CIFR,MA_Crossover_50_200,BUY,13.76,10,BRACKET,14.31,13.48
2025-11-21 17:28:26.198834,RGTI,MA_Crossover_50_200,BUY,21.83,10,BRACKET,22.7,21.39
2025-11-21 17:28:58.168499,HYG,MA_Crossover_50_200,BUY,81.01,10,BRACKET,84.25,79.39
2025-11-21 17:29:09.204617,BE,MA_Crossover_50_200,BUY,79.84,10,BRACKET,83.03,78.24
2025-11-21 17:29:27.222983,SOXS,VWAP_Trend,BUY,5.08,10,BRACKET,5.28,4.98
2025-11-21 17:29:31.116473,SOXL,MA_Crossover_50_200,BUY,29.14,10,BRACKET,30.31,28.56
2025-11-21 17:29:39.100033,TSLL,MA_Crossover_50_200,BUY,15.63,10,BRACKET,16.26,15.32
2025-11-21 17:29:54.923305,SOFI,MA_Crossover_50_200,BUY,24.54,10,BRACKET,25.52,24.05
2025-11-21 17:30:04.712572,AMD,MA_Crossover_50_200,BUY,199.3,10,BRACKET,207.27,195.31
2025-11-21 17:30:07.329960,ONDS,MA_Crossover_50_200,BUY,6.13,10,BRACKET,6.38,6.01
2025-11-21 17:30:11.490870,INTC,MA_Crossover_50_200,BUY,33.69,10,BRACKET,35.04,33.02
2025-11-21 17:30:20.854426,NVD,VWAP_Trend,BUY,9.29,10,BRACKET,9.66,9.1
2025-11-21 17:30:24.731596,BBAI,MA_Crossover_50_200,BUY,5.18,10,BRACKET,5.39,5.08
2025-11-21 17:30:44.032210,IONZ,VWAP_Trend,BUY,7.01,10,BRACKET,7.29,6.87
2025-11-21 17:30:46.085398,MARA,MA_Crossover_50_200,BUY,10.1,10,BRACKET,10.5,9.9
2025-11-21 17:31:15.665665,QBTS,MA_Crossover_50_200,BUY,19.26,10,BRACKET,20.03,18.87
2025-11-21 17:31:36.503314,SOUN,MA_Crossover_50_200,BUY,10.69,10,BRACKET,11.12,10.48
2025-11-21 17:31:39.058808,NVDX,MA_Crossover_50_200,BUY,16.34,10,BRACKET,16.99,16.01
2025-11-21 17:31:43.143243,HOOD,MA_Crossover_50_200,BUY,105.23,10,BRACKET,109.44,103.13
2025-11-21 17:31:52.772489,ACHR,MA_Crossover_50_200,BUY,6.74,10,BRACKET,7.01,6.61
2025-11-21 17:32:07.369648,NVDA,MA_Crossover_50_200,BUY,177.54,10,BRACKET,184.64,173.99
2025-11-21 17:32:17.591676,TSLL,MA_Crossover_50_200,BUY,15.38,10,BRACKET,16.0,15.07
2025-11-21 17:32:33.802721,SOFI,MA_Crossover_50_200,BUY,24.3,10,BRACKET,25.27,23.81
2025-11-21 17:32:46.308880,ONDS,MA_Crossover_50_200,BUY,MARKET,10,MARKET,,
2025-11-21 17:32:48.225249,ONDS,VWAP_Trend,SELL,5.96,10.0,LIMIT,,
2025-11-21 17:33:04.087375,BBAI,MA_Crossover_50_200,BUY,5.16,10,BRACKET,5.37,5.06
2025-11-21 17:34:28.050105,BE,MA_Crossover_50_200,BUY,78.7,10,BRACKET,81.85,77.13
2025-11-21 17:34:32.942970,WULF,MA_Crossover_50_200,BUY,10.78,10,BRACKET,11.21,10.56
2025-11-21 17:35:15.443020,SOFI,MA_Crossover_50_200,BUY,24.33,10,BRACKET,25.3,23.84
2025-11-21 17:35:21.736205,PLTR,MA_Crossover_50_200,BUY,151.05,10,BRACKET,157.09,148.03
2025-11-21 17:35:31.789856,ONDS,MA_Crossover_50_200,BUY,6.08,10,BRACKET,6.32,5.96
2025-11-21 17:35:39.912732,INTC,MA_Crossover_50_200,BUY,33.32,10,BRACKET,34.65,32.65
2025-11-21 17:35:43.726820,BBAI,MA_Crossover_50_200,BUY,5.11,10,BRACKET,5.31,5.01
2025-11-21 17:35:46.190879,BMNR,MA_Crossover_50_200,BUY,24.91,10,BRACKET,25.91,24.41
2025-11-21 17:36:02.811119,UVIX,VWAP_Trend,BUY,13.69,10,BRACKET,14.24,13.42
2025-11-21 17:36:13.022286,MARA,MA_Crossover_50_200,BUY,10.09,10,BRACKET,10.49,9.89
2025-11-21 17:36:16.742976,CIFR,MA_Crossover_50_200,BUY,13.47,10,BRACKET,14.01,13.2
2025-11-21 17:36:19.301161,IREN,MA_Crossover_50_200,BUY,41.11,10,BRACKET,42.75,40.29
2025-11-21 17:36:23.637931,RGTI,MA_Crossover_50_200,BUY,21.55,10,BRACKET,22.41,21.12
2025-11-21 17:36:31.709413,MSTZ,VWAP_Trend,BUY,14.91,10,BRACKET,15.51,14.61
2025-11-21 17:36:33.972214,GOOG,MA_Crossover_50_200,BUY,297.63,10,BRACKET,309.54,291.68
2025-11-21 17:36:38.121333,QBTS,MA_Crossover_50_200,BUY,MARKET,10,MARKET,,
2025-11-21 17:36:39.956099,QBTS,VWAP_Trend,SELL,18.62,10.0,LIMIT,,
2025-11-21 17:36:45.749904,ORCL,MA_Crossover_50_200,BUY,197.82,10,BRACKET,205.73,193.86
2025-11-21 17:36:52.862687,SOUN,MA_Crossover_50_200,BUY,10.59,10,BRACKET,11.01,10.38
2025-11-21 17:37:00.792112,NVDX,MA_Crossover_50_200,BUY,16.23,10,BRACKET,16.88,15.91
2025-11-21 17:37:04.599220,BE,MA_Crossover_50_200,BUY,77.69,10,BRACKET,80.8,76.14
2025-11-21 17:37:08.678711,PLTZ,VWAP_Trend,BUY,9.35,10,BRACKET,9.72,9.16
2025-11-21 17:37:10.527194,ACHR,MA_Crossover_50_200,BUY,6.66,10,BRACKET,6.93,6.53
2025-11-21 17:37:13.430266,HOOD,MA_Crossover_50_200,BUY,103.46,10,BRACKET,107.6,101.39
2025-11-21 17:37:33.921574,NVDA,MA_Crossover_50_200,BUY,175.84,10,BRACKET,182.87,172.32
2025-11-21 17:37:36.548479,SOXL,MA_Crossover_50_200,BUY,28.6,10,BRACKET,29.74,28.03
2025-11-21 17:37:40.479412,TQQQ,MA_Crossover_50_200,BUY,45.82,10,BRACKET,47.65,44.9
2025-11-21 17:37:45.065179,TSLL,MA_Crossover_50_200,BUY,15.09,10,BRACKET,15.69,14.79
2025-11-21 17:37:53.084620,OPEN,MA_Crossover_50_200,BUY,6.5,10,BRACKET,6.76,6.37
2025-11-21 17:37:57.654284,TSLA,MA_Crossover_50_200,BUY,388.94,10,BRACKET,404.5,381.16
2025-11-21 17:38:01.931511,SOFI,MA_Crossover_50_200,BUY,23.83,10,BRACKET,24.78,23.35
2025-11-21 17:38:21.807983,ONDS,MA_Crossover_50_200,BUY,MARKET,10,MARKET,,
2025-11-21 17:38:23.707902,ONDS,VWAP_Trend,SELL,5.9,10.0,LIMIT,,
2025-11-21 17:38:48.947005,MARA,MA_Crossover_50_200,BUY,9.95,10,BRACKET,10.35,9.75
2025-11-21 17:38:59.305478,IREN,MA_Crossover_50_200,BUY,40.6,10,BRACKET,42.22,39.79
2025-11-21 17:39:07.695030,RGTI,MA_Crossover_50_200,BUY,21.28,10,BRACKET,22.13,20.85
2025-11-21 17:39:17.581955,QBTS,MA_Crossover_50_200,BUY,19.01,10,BRACKET,19.77,18.63
2025-11-21 17:39:35.402002,NVDX,MA_Crossover_50_200,BUY,15.93,10,BRACKET,16.57,15.61
2025-11-21 17:39:47.710313,PLTZ,VWAP_Trend,BUY,9.25,10,BRACKET,9.62,9.06
2025-11-21 17:39:59.722254,WULF,MA_Crossover_50_200,BUY,10.74,10,BRACKET,11.17,10.53
2025-11-21 17:41:04.763677,AMD,MA_Crossover_50_200,BUY,197.66,10,BRACKET,205.57,193.71
2025-11-21 17:41:07.101276,ONDS,MA_Crossover_50_200,BUY,6.01,10,BRACKET,6.25,5.89
2025-11-21 17:41:13.128470,BMNR,MA_Crossover_50_200,BUY,24.79,10,BRACKET,25.78,24.29
2025-11-21 17:41:25.060726,IREN,MA_Crossover_50_200,BUY,40.64,10,BRACKET,42.27,39.83
2025-11-21 17:41:33.964965,UVIX,VWAP_Trend,BUY,13.56,10,BRACKET,14.1,13.29
2025-11-21 17:41:39.564793,CIFR,MA_Crossover_50_200,BUY,13.53,10,BRACKET,14.07,13.26
2025-11-21 17:44:08.713426,UVIX,VWAP_Trend,BUY,13.38,10,BRACKET,13.92,13.11
2025-11-21 17:45:09.712915,PLTZ,VWAP_Trend,BUY,MARKET,10,MARKET,,
2025-11-21 17:45:33.408534,SOXS,VWAP_Trend,BUY,5.05,10,BRACKET,5.25,4.95
2025-11-21 17:46:16.764257,ONDS,MA_Crossover_50_200,BUY,6.21,10,BRACKET,6.46,6.09
2025-11-21 17:46:46.208202,UVIX,VWAP_Trend,BUY,13.2,10,BRACKET,13.73,12.94
2025-11-21 17:46:58.959443,IONZ,VWAP_Trend,BUY,6.86,10,BRACKET,7.13,6.72
2025-11-21 17:47:01.239659,RGTI,MA_Crossover_50_200,BUY,22.34,10,BRACKET,23.23,21.89
2025-11-21 17:47:07.613886,TZA,VWAP_Trend,BUY,9.28,10,BRACKET,9.65,9.09
2025-11-21 17:47:37.237365,BE,MA_Crossover_50_200,BUY,79.24,10,BRACKET,82.41,77.66
2025-11-21 17:47:40.121633,PLTZ,Bollinger_Bands_Reversion,SELL,8.97,10.0,LIMIT,,
2025-11-21 17:47:41.313165,PLTZ,VWAP_Trend,BUY,9.16,10,BRACKET,9.53,8.98
2025-11-21 17:49:43.022430,RGTI,MA_Crossover_50_200,BUY,MARKET,10,MARKET,,
2025-11-21 17:49:45.004432,RGTI,VWAP_Trend,SELL,21.72,10.0,LIMIT,,
2025-11-21 17:50:14.475501,BE,MA_Crossover_50_200,BUY,79.94,10,BRACKET,83.14,78.34
2025-11-21 17:52:24.533406,RGTI,MA_Crossover_50_200,BUY,21.61,10,BRACKET,22.47,21.18
2025-11-21 17:52:54.405861,BE,MA_Crossover_50_200,BUY,78.64,10,BRACKET,81.79,77.07
2025-11-21 17:52:58.403350,PLTZ,VWAP_Trend,BUY,9.23,10,BRACKET,9.6,9.05
2025-11-21 17:53:32.248060,SOXS,VWAP_Trend,BUY,5.1,10,BRACKET,5.3,5.0
2025-11-21 17:54:16.573586,ONDS,MA_Crossover_50_200,BUY,6.18,10,BRACKET,6.43,6.06
2025-11-21 17:55:37.110220,BE,MA_Crossover_50_200,BUY,78.45,10,BRACKET,81.59,76.88
2025-11-21 17:55:43.297545,PLTZ,VWAP_Trend,BUY,9.17,10,BRACKET,9.54,8.99
2025-11-21 17:56:13.420033,SOXS,VWAP_Trend,BUY,5.06,10,BRACKET,5.26,4.96
2025-11-21 17:56:57.160452,ONDS,MA_Crossover_50_200,BUY,6.12,10,BRACKET,6.36,6.0
2025-11-21 17:58:34.854617,WULF,MA_Crossover_50_200,BUY,10.79,10,BRACKET,11.22,10.57
2025-11-21 17:59:54.827773,IREN,MA_Crossover_50_200,BUY,40.52,10,BRACKET,42.14,39.71
2025-11-21 18:00:25.357819,IONZ,VWAP_Trend,BUY,7.18,10,BRACKET,7.47,7.04
2025-11-21 18:00:39.809780,QBTS,MA_Crossover_50_200,BUY,18.85,10,BRACKET,19.6,18.47
2025-11-21 18:00:57.454985,WULF,MA_Crossover_50_200,BUY,MARKET,10,MARKET,,
2025-11-21 18:00:59.476396,WULF,VWAP_Trend,SELL,10.52,10.0,LIMIT,,
2025-11-21 18:01:22.953608,NOK,MA_Crossover_50_200,BUY,5.99,10,BRACKET,6.23,5.87
2025-11-21 18:02:56.014390,CIFR,MA_Crossover_50_200,BUY,13.38,10,BRACKET,13.92,13.11
2025-11-21 18:03:36.363446,WULF,MA_Crossover_50_200,BUY,10.73,10,BRACKET,11.16,10.52
2025-11-21 18:04:59.789760,PLTR,MA_Crossover_50_200,BUY,149.7,10,BRACKET,155.69,146.71
2025-11-21 18:05:05.877977,ONDS,MA_Crossover_50_200,BUY,6.09,10,BRACKET,6.33,5.97
2025-11-21 18:05:23.493231,IREN,MA_Crossover_50_200,BUY,40.43,10,BRACKET,42.05,39.62
2025-11-21 18:05:35.148695,CIFR,MA_Crossover_50_200,BUY,13.32,10,BRACKET,13.85,13.05
2025-11-21 18:05:41.489328,MARA,MA_Crossover_50_200,BUY,9.87,10,BRACKET,10.26,9.67
2025-11-21 18:06:02.986873,MSTZ,VWAP_Trend,BUY,15.61,10,BRACKET,16.23,15.3
2025-11-21 18:06:08.870928,ORCL,MA_Crossover_50_200,BUY,196.62,10,BRACKET,204.48,192.69
2025-11-21 18:06:12.993602,WULF,MA_Crossover_50_200,BUY,10.66,10,BRACKET,11.09,10.45
2025-11-21 18:06:30.886471,SOUN,MA_Crossover_50_200,BUY,10.47,10,BRACKET,10.89,10.26
2025-11-21 18:07:45.715884,ONDS,MA_Crossover_50_200,BUY,MARKET,10,MARKET,,
2025-11-21 18:07:47.738252,ONDS,VWAP_Trend,SELL,5.98,10.0,LIMIT,,
2025-11-21 18:08:05.460251,IREN,MA_Crossover_50_200,BUY,MARKET,10,MARKET,,
2025-11-21 18:08:07.509775,IREN,VWAP_Trend,SELL,39.81,10.0,LIMIT,,
2025-11-21 18:08:46.575823,MSTZ,VWAP_Trend,BUY,15.43,10,BRACKET,16.05,15.12
2025-11-21 18:10:16.893662,NVD,VWAP_Trend,BUY,9.17,10,BRACKET,9.54,8.99
2025-11-21 18:10:25.295835,ONDS,MA_Crossover_50_200,BUY,6.1,10,BRACKET,6.34,5.98
2025-11-21 18:10:45.122660,IREN,MA_Crossover_50_200,BUY,MARKET,10,MARKET,,
2025-11-21 18:10:47.166814,IREN,VWAP_Trend,SELL,40.0,10.0,LIMIT,,
2025-11-21 18:13:24.416823,IREN,MA_Crossover_50_200,BUY,40.88,10,BRACKET,42.52,40.06
2025-11-21 18:14:33.734841,BE,MA_Crossover_50_200,BUY,81.61,10,BRACKET,84.87,79.98
2025-11-21 18:16:38.094685,MSTZ,VWAP_Trend,BUY,15.28,10,BRACKET,15.89,14.97
2025-11-21 18:18:39.934888,IREN,MA_Crossover_50_200,BUY,40.4,10,BRACKET,42.02,39.59
2025-11-21 18:20:32.748863,OPEN,MA_Crossover_50_200,BUY,6.47,10,BRACKET,6.73,6.34
2025-11-21 18:23:28.803852,NVD,VWAP_Trend,BUY,9.11,10,BRACKET,9.47,8.93
2025-11-21 18:24:30.005681,IONZ,VWAP_Trend,BUY,7.08,10,BRACKET,7.36,6.94
2025-11-21 18:24:53.478016,NVDX,MA_Crossover_50_200,BUY,16.73,10,BRACKET,17.4,16.4
2025-11-21 18:24:59.203626,PLTZ,VWAP_Trend,BUY,9.04,10,BRACKET,9.4,8.86
2025-11-21 18:25:32.646949,SOXL,MA_Crossover_50_200,BUY,30.06,10,BRACKET,31.26,29.46
2025-11-21 18:26:08.218915,NVD,VWAP_Trend,BUY,9.01,10,BRACKET,9.37,8.83
2025-11-21 18:26:47.407733,UVIX,VWAP_Trend,BUY,13.13,10,BRACKET,13.66,12.87
2025-11-21 18:27:02.906392,TZA,VWAP_Trend,BUY,9.16,10,BRACKET,9.53,8.98
2025-11-21 18:27:14.746991,MSTZ,VWAP_Trend,BUY,MARKET,10,MARKET,,
2025-11-21 18:29:27.747866,UVIX,VWAP_Trend,BUY,12.95,10,BRACKET,13.47,12.69
2025-11-21 18:29:53.518980,MSTZ,MA_Crossover_50_200,SELL,14.75,10.0,LIMIT,,
2025-11-21 18:29:55.515680,MSTZ,VWAP_Trend,BUY,14.98,10,BRACKET,15.58,14.68
2025-11-21 18:32:06.849499,UVIX,VWAP_Trend,BUY,13.01,10,BRACKET,13.53,12.75
2025-11-21 18:32:10.581930,TZA,VWAP_Trend,BUY,9.11,10,BRACKET,9.47,8.93
2025-11-21 18:32:27.824831,IONZ,VWAP_Trend,BUY,7.03,10,BRACKET,7.31,6.89
2025-11-21 18:32:35.712806,MSTZ,VWAP_Trend,BUY,14.96,10,BRACKET,15.56,14.66
2025-11-21 18:32:56.951087,AAL,MA_Crossover_50_200,BUY,12.82,10,BRACKET,13.33,12.56
2025-11-21 18:33:01.991372,PLTZ,VWAP_Trend,BUY,MARKET,10,MARKET,,
2025-11-21 18:34:08.981180,NVD,VWAP_Trend,BUY,8.91,10,BRACKET,9.27,8.73
2025-11-21 18:34:45.244288,UVIX,VWAP_Trend,BUY,12.94,10,BRACKET,13.46,12.68
2025-11-21 18:35:39.190023,PLTZ,Bollinger_Bands_Reversion,SELL,8.77,10.0,LIMIT,,
2025-11-21 18:35:40.406809,PLTZ,VWAP_Trend,BUY,8.95,10,BRACKET,9.31,8.77
2025-11-21 18:35:42.350455,BE,MA_Crossover_50_200,BUY,86.14,10,BRACKET,89.59,84.42
2025-11-21 18:37:13.193739,IREN,MA_Crossover_50_200,BUY,42.69,10,BRACKET,44.4,41.84
2025-11-21 18:37:28.277639,UVIX,VWAP_Trend,BUY,12.75,10,BRACKET,13.26,12.49
2025-11-21 18:37:32.095972,TZA,VWAP_Trend,BUY,9.05,10,BRACKET,9.41,8.87
2025-11-21 18:37:49.917407,IONZ,VWAP_Trend,BUY,6.86,10,BRACKET,7.13,6.72
2025-11-21 18:38:03.881412,MSTZ,VWAP_Trend,BUY,14.81,10,BRACKET,15.4,14.51
2025-11-21 18:39:58.150181,BMNR,MA_Crossover_50_200,BUY,25.99,10,BRACKET,27.03,25.47
2025-11-21 18:40:36.474682,WULF,MA_Crossover_50_200,BUY,11.08,10,BRACKET,11.52,10.86
2025-11-21 18:40:46.744685,MSTZ,VWAP_Trend,BUY,14.67,10,BRACKET,15.26,14.38
2025-11-21 18:41:07.959168,RSP,MA_Crossover_50_200,BUY,187.11,10,BRACKET,194.59,183.37
2025-11-21 18:42:40.930043,CIFR,MA_Crossover_50_200,BUY,13.97,10,BRACKET,14.53,13.69
2025-11-21 18:43:12.275459,IONZ,VWAP_Trend,BUY,6.81,10,BRACKET,7.08,6.67
2025-11-21 18:43:34.237685,QBTS,MA_Crossover_50_200,BUY,19.6,10,BRACKET,20.38,19.21
2025-11-21 18:43:47.802009,PLTZ,VWAP_Trend,BUY,8.9,10,BRACKET,9.26,8.72
2025-11-21 18:44:20.480879,TSLL,MA_Crossover_50_200,BUY,15.81,10,BRACKET,16.44,15.49
2025-11-21 18:48:08.207331,TZA,VWAP_Trend,BUY,8.96,10,BRACKET,9.32,8.78
2025-11-21 18:48:12.452987,UVIX,VWAP_Trend,BUY,12.46,10,BRACKET,12.96,12.21
2025-11-21 18:48:30.011208,IONZ,VWAP_Trend,BUY,6.81,10,BRACKET,7.08,6.67
2025-11-21 18:48:45.637576,MSTZ,VWAP_Trend,BUY,14.44,10,BRACKET,15.02,14.15
2025-11-21 18:51:49.160426,SOUN,MA_Crossover_50_200,BUY,11.01,10,BRACKET,11.45,10.79
2025-11-21 18:52:54.266631,TSLS,VWAP_Trend,BUY,5.93,10,BRACKET,6.17,5.81
2025-11-21 18:53:29.385829,UVIX,VWAP_Trend,BUY,12.27,10,BRACKET,12.76,12.02
2025-11-21 18:53:58.978072,ACHR,MA_Crossover_50_200,BUY,7.0,10,BRACKET,7.28,6.86
2025-11-21 18:54:03.246743,MSTZ,VWAP_Trend,BUY,14.27,10,BRACKET,14.84,13.98
2025-11-21 18:54:25.851119,PLTZ,VWAP_Trend,BUY,8.83,10,BRACKET,9.18,8.65
2025-11-21 18:54:28.258975,NU,MA_Crossover_50_200,BUY,15.78,10,BRACKET,16.41,15.46
2025-11-21 18:54:48.379758,SOXL,MA_Crossover_50_200,BUY,31.42,10,BRACKET,32.68,30.79
2025-11-21 18:56:24.348670,RGTI,MA_Crossover_50_200,BUY,22.74,10,BRACKET,23.65,22.29
2025-11-21 18:56:36.399602,IONZ,VWAP_Trend,BUY,6.72,10,BRACKET,6.99,6.59
2025-11-21 18:58:07.886683,NVD,VWAP_Trend,BUY,8.83,10,BRACKET,9.18,8.65
2025-11-21 18:58:47.618925,TZA,VWAP_Trend,BUY,8.82,10,BRACKET,9.17,8.64
2025-11-21 18:59:04.783011,MARA,MA_Crossover_50_200,BUY,10.35,10,BRACKET,10.76,10.14
2025-11-21 18:59:20.641669,IONZ,VWAP_Trend,BUY,6.54,10,BRACKET,6.8,6.41
2025-11-21 18:59:32.704342,MSTZ,VWAP_Trend,BUY,14.13,10,BRACKET,14.7,13.85
2025-11-21 19:00:19.010941,TQQQ,MA_Crossover_50_200,BUY,48.13,10,BRACKET,50.06,47.17
2025-11-21 19:00:29.340148,SQQQ,VWAP_Trend,BUY,MARKET,10,MARKET,,
2025-11-21 19:00:31.042636,OPEN,MA_Crossover_50_200,BUY,6.82,10,BRACKET,7.09,6.68
2025-11-21 19:00:41.618269,SOFI,MA_Crossover_50_200,BUY,24.99,10,BRACKET,25.99,24.49
2025-11-21 19:01:40.406079,UVIX,VWAP_Trend,BUY,12.22,10,BRACKET,12.71,11.98
2025-11-21 19:01:44.503810,NIO,MA_Crossover_50_200,BUY,5.65,10,BRACKET,5.88,5.54
2025-11-21 19:03:07.801155,SQQQ,MA_Crossover_50_200,SELL,78.37,10.0,LIMIT,,
2025-11-21 19:03:09.809080,SQQQ,VWAP_Trend,BUY,79.94,10,BRACKET,83.14,78.34
2025-11-21 19:08:49.236476,BBAI,MA_Crossover_50_200,BUY,5.37,10,BRACKET,5.58,5.26
2025-11-21 19:19:25.637447,ONDS,MA_Crossover_50_200,BUY,6.34,10,BRACKET,6.59,6.21
2025-11-21 19:24:56.072074,TSLS,VWAP_Trend,BUY,5.86,10,BRACKET,6.09,5.74
2025-11-21 19:25:48.976700,UVIX,VWAP_Trend,BUY,12.08,10,BRACKET,12.56,11.84
2025-11-21 19:26:32.858845,BE,MA_Crossover_50_200,BUY,90.59,10,BRACKET,94.21,88.78
2025-11-21 19:29:13.260615,BE,MA_Crossover_50_200,BUY,89.99,10,BRACKET,93.59,88.19
2025-11-21 19:33:10.515425,NVD,VWAP_Trend,BUY,8.74,10,BRACKET,9.09,8.57
2025-11-21 19:33:20.629555,AMD,MA_Crossover_50_200,BUY,207.68,10,BRACKET,215.99,203.53
2025-11-21 19:35:21.155420,SQQQ,VWAP_Trend,BUY,79.11,10,BRACKET,82.27,77.53
2025-11-21 19:35:44.994592,PLTR,MA_Crossover_50_200,BUY,156.96,10,BRACKET,163.24,153.82
2025-11-21 19:36:35.050411,UVIX,VWAP_Trend,BUY,11.95,10,BRACKET,12.43,11.71
2025-11-21 19:45:18.257283,BE,MA_Crossover_50_200,BUY,88.78,10,BRACKET,92.33,87.0
2025-11-21 19:52:03.250200,AMD,MA_Crossover_50_200,BUY,205.13,10,BRACKET,213.34,201.03
2025-11-21 20:01:26.482909,BE,MA_Crossover_50_200,BUY,88.0,10,BRACKET,91.52,86.24
2025-11-21 20:05:50.347655,IREN,MA_Crossover_50_200,BUY,42.65,10,BRACKET,44.36,41.8
2025-11-21 20:06:02.514950,MARA,MA_Crossover_50_200,BUY,MARKET,10,MARKET,,
2025-11-21 20:06:04.347411,MARA,VWAP_Trend,SELL,10.02,10.0,LIMIT,,
2025-11-21 20:06:25.995100,MSTZ,VWAP_Trend,BUY,14.88,10,BRACKET,15.48,14.58
2025-11-21 20:07:10.993921,TQQQ,MA_Crossover_50_200,BUY,47.74,10,BRACKET,49.65,46.79
2025-11-21 20:07:47.667736,PLTR,MA_Crossover_50_200,BUY,155.23,10,BRACKET,161.44,152.13
2025-11-21 20:08:21.305744,CIFR,MA_Crossover_50_200,BUY,13.8,10,BRACKET,14.35,13.52
2025-11-21 20:08:29.516261,IREN,MA_Crossover_50_200,BUY,41.94,10,BRACKET,43.62,41.1
2025-11-21 20:08:43.442672,MARA,MA_Crossover_50_200,BUY,10.2,10,BRACKET,10.61,10.0
2025-11-21 20:09:30.232563,BE,MA_Crossover_50_200,BUY,87.31,10,BRACKET,90.8,85.56
2025-11-21 20:10:00.450901,OPEN,MA_Crossover_50_200,BUY,6.76,10,BRACKET,7.03,6.62
2025-11-21 20:11:56.908172,IONZ,VWAP_Trend,BUY,6.9,10,BRACKET,7.18,6.76
2025-11-21 20:12:28.574385,SOXL,MA_Crossover_50_200,BUY,31.16,10,BRACKET,32.41,30.54
2025-11-21 20:14:49.825930,BE,MA_Crossover_50_200,BUY,86.12,10,BRACKET,89.56,84.4
2025-11-21 20:16:22.854310,BMNR,MA_Crossover_50_200,BUY,25.74,10,BRACKET,26.77,25.23
2025-11-21 20:16:36.937781,IREN,MA_Crossover_50_200,BUY,41.8,10,BRACKET,43.47,40.96
2025-11-21 20:18:44.213334,AMD,MA_Crossover_50_200,BUY,203.05,10,BRACKET,211.17,198.99
2025-11-21 20:19:23.622359,MARA,MA_Crossover_50_200,BUY,10.14,10,BRACKET,10.55,9.94
2025-11-21 20:19:27.688081,RGTI,MA_Crossover_50_200,BUY,22.56,10,BRACKET,23.46,22.11
2025-11-21 20:22:48.857045,IONZ,VWAP_Trend,BUY,6.86,10,BRACKET,7.13,6.72
2025-11-21 20:24:37.056694,IREN,MA_Crossover_50_200,BUY,41.55,10,BRACKET,43.21,40.72
2025-11-21 20:27:12.681299,IREN,MA_Crossover_50_200,BUY,41.19,10,BRACKET,42.84,40.37
2025-11-21 20:30:46.716559,IONZ,VWAP_Trend,BUY,6.76,10,BRACKET,7.03,6.62
2025-11-21 20:33:27.047048,IONZ,VWAP_Trend,BUY,6.67,10,BRACKET,6.94,6.54
2025-11-21 20:40:38.749223,UVIX,VWAP_Trend,BUY,11.85,10,BRACKET,12.32,11.61
2025-11-21 20:45:50.605724,UVIX,VWAP_Trend,BUY,11.76,10,BRACKET,12.23,11.52
2025-11-21 20:48:29.842621,UVIX,VWAP_Trend,BUY,11.56,10,BRACKET,12.02,11.33
2025-11-21 20:49:03.247270,MSTZ,VWAP_Trend,BUY,14.57,10,BRACKET,15.15,14.28
2025-11-21 20:49:22.078849,IONZ,VWAP_Trend,BUY,6.46,10,BRACKET,6.72,6.33
2025-11-21 20:49:43.694795,NVDA,MA_Crossover_50_200,BUY,185.6,10,BRACKET,193.02,181.89
2025-11-21 20:49:46.286150,SOXL,MA_Crossover_50_200,BUY,32.95,10,BRACKET,34.27,32.29
2025-11-21 20:50:02.332695,SQQQ,VWAP_Trend,BUY,77.84,10,BRACKET,80.95,76.28
2025-11-21 20:50:27.772495,SPDN,VWAP_Trend,BUY,9.83,10,BRACKET,10.22,9.63
2025-11-21 20:50:35.437029,NVD,VWAP_Trend,BUY,8.48,10,BRACKET,8.82,8.31
2025-11-21 20:50:45.341599,TZA,VWAP_Trend,BUY,8.7,10,BRACKET,9.05,8.53
2025-11-21 20:51:02.748750,ACHR,MA_Crossover_50_200,BUY,7.34,10,BRACKET,7.63,7.19
2025-11-21 20:51:37.185582,WULF,MA_Crossover_50_200,BUY,11.57,10,BRACKET,12.03,11.34
2025-11-21 20:52:02.420702,IONZ,VWAP_Trend,BUY,6.47,10,BRACKET,6.73,6.34
2025-11-21 20:52:08.192946,NVDX,MA_Crossover_50_200,BUY,17.36,10,BRACKET,18.05,17.01
2025-11-21 20:53:40.163558,CIFR,MA_Crossover_50_200,BUY,14.44,10,BRACKET,15.02,14.15
2025-11-21 20:55:08.728759,SOXL,MA_Crossover_50_200,BUY,32.63,10,BRACKET,33.94,31.98
2025-11-21 20:56:22.249565,CIFR,MA_Crossover_50_200,BUY,14.34,10,BRACKET,14.91,14.05
2025-11-21 20:56:26.678101,ACHR,MA_Crossover_50_200,BUY,7.28,10,BRACKET,7.57,7.13
2025-11-21 21:06:37.976545,INTC,MA_Crossover_50_200,BUY,34.9,10,BRACKET,36.3,34.2
2025-11-21 21:08:05.906725,IONZ,VWAP_Trend,BUY,6.39,10,BRACKET,6.65,6.26
2025-11-21 21:10:17.994924,RGTI,MA_Crossover_50_200,BUY,23.68,10,BRACKET,24.63,23.21
2025-11-21 21:10:37.622509,QBTS,MA_Crossover_50_200,BUY,20.59,10,BRACKET,21.41,20.18
2025-11-21 21:10:47.666542,IONZ,VWAP_Trend,BUY,6.34,10,BRACKET,6.59,6.21
2025-11-21 21:12:34.570912,IREN,MA_Crossover_50_200,BUY,43.02,10,BRACKET,44.74,42.16
2025-11-21 21:41:05.327383,ONDS,MA_Crossover_50_200,BUY,6.62,10,BRACKET,6.88,6.49
2025-11-21 21:43:17.309348,BE,MA_Crossover_50_200,BUY,89.84,10,BRACKET,93.43,88.04
2025-11-21 21:44:47.338014,ACHR,MA_Crossover_50_200,BUY,7.22,10,BRACKET,7.51,7.08
2025-11-21 21:48:51.015505,NVDA,MA_Crossover_50_200,BUY,184.16,10,BRACKET,191.53,180.48
2025-11-21 21:56:31.324110,QBTS,MA_Crossover_50_200,BUY,20.56,10,BRACKET,21.38,20.15
2025-11-21 22:10:11.567885,IONZ,VWAP_Trend,BUY,6.3,10,BRACKET,6.55,6.17
2025-11-21 22:12:02.993914,IREN,MA_Crossover_50_200,BUY,42.69,10,BRACKET,44.4,41.84
2025-11-21 22:14:06.312167,MNDR,VWAP_Trend,BUY,5.14,10,BRACKET,5.35,5.04
2025-11-21 22:16:49.095657,MNDR,VWAP_Trend,BUY,5.16,10,BRACKET,5.37,5.06
2025-11-21 22:23:46.709936,SCHX,MA_Crossover_50_200,BUY,26.33,10,BRACKET,27.38,25.8
2025-11-21 22:29:24.819549,NVDA,MA_Crossover_50_200,BUY,182.17,10,BRACKET,189.46,178.53
2025-11-21 22:30:59.633362,IREN,MA_Crossover_50_200,BUY,42.26,10,BRACKET,43.95,41.41
2025-11-21 22:31:13.326188,WULF,MA_Crossover_50_200,BUY,11.53,10,BRACKET,11.99,11.3
2025-11-21 22:31:45.300351,NVDX,MA_Crossover_50_200,BUY,17.21,10,BRACKET,17.9,16.87
2025-11-21 22:33:33.560961,MARA,MA_Crossover_50_200,BUY,10.06,10,BRACKET,10.46,9.86
2025-11-21 22:45:22.002956,HOOD,MA_Crossover_50_200,BUY,108.32,10,BRACKET,112.65,106.15
2025-11-21 22:53:38.872703,SOXL,MA_Crossover_50_200,BUY,32.45,10,BRACKET,33.75,31.8
2025-11-21 22:54:30.366260,NVD,VWAP_Trend,BUY,8.95,10,BRACKET,9.31,8.77
2025-11-21 22:55:26.760002,WULF,MA_Crossover_50_200,BUY,11.56,10,BRACKET,12.02,11.33
2025-11-21 22:56:01.597136,NVDX,MA_Crossover_50_200,BUY,17.04,10,BRACKET,17.72,16.7
2025-11-21 22:56:18.659328,SOXL,MA_Crossover_50_200,BUY,32.18,10,BRACKET,33.47,31.54
2025-11-21 22:56:26.520151,TSLL,MA_Crossover_50_200,BUY,15.65,10,BRACKET,16.28,15.34
2025-11-21 22:58:05.108595,WULF,MA_Crossover_50_200,BUY,11.45,10,BRACKET,11.91,11.22
2025-11-21 22:58:42.488753,RIVN,MA_Crossover_50_200,BUY,15.04,10,BRACKET,15.64,14.74
2025-11-21 23:03:48.270684,PCG,MA_Crossover_50_200,BUY,15.85,10,BRACKET,16.48,15.53
2025-11-21 23:04:04.188607,VALE,MA_Crossover_50_200,BUY,12.22,10,BRACKET,12.71,11.98
2025-11-21 23:04:08.835756,TLT,MA_Crossover_50_200,BUY,90.37,10,BRACKET,93.98,88.56
2025-11-21 23:06:47.436374,WMT,MA_Crossover_50_200,BUY,106.37,10,BRACKET,110.62,104.24
2025-11-21 23:11:39.706773,KVUE,VWAP_Trend,BUY,16.81,10,BRACKET,17.48,16.47
2025-11-21 23:19:48.617234,LQD,MA_Crossover_50_200,BUY,111.97,10,BRACKET,116.45,109.73
2025-11-21 23:26:32.009264,MNDR,VWAP_Trend,BUY,5.44,10,BRACKET,5.66,5.33
2025-11-22 03:30:38.456326,GOOGL,Bollinger_Bands_Reversion,SELL,299.48,10.0,LIMIT,,
2025-11-22 03:30:47.654408,PLTR,VWAP_Trend,SELL,MARKET,10.0,MARKET,,
2025-11-22 03:30:49.517196,NVD,MA_Crossover_50_200,SELL,MARKET,10.0,MARKET,,
2025-11-22 03:31:17.700484,MARA,VWAP_Trend,SELL,MARKET,10.0,MARKET,,
2025-11-22 03:31:21.148064,CIFR,VWAP_Trend,SELL,MARKET,10.0,MARKET,,
2025-11-22 03:31:26.041138,BMNR,VWAP_Trend,SELL,MARKET,10.0,MARKET,,
2025-11-22 03:31:29.327272,RGTI,VWAP_Trend,SELL,MARKET,10.0,MARKET,,
2025-11-22 03:31:32.636421,SOUN,VWAP_Trend,SELL,MARKET,10.0,MARKET,,
2025-11-22 03:31:35.765734,IREN,VWAP_Trend,SELL,MARKET,10.0,MARKET,,
2025-11-22 03:31:38.916541,WULF,VWAP_Trend,SELL,MARKET,10.0,MARKET,,
2025-11-22 03:31:45.733592,UVIX,MA_Crossover_50_200,SELL,MARKET,10.0,MARKET,,
2025-11-22 03:31:52.755057,NOK,VWAP_Trend,SELL,5.93,10.0,LIMIT,,
2025-11-22 03:31:55.633332,ORCL,VWAP_Trend,SELL,MARKET,10.0,MARKET,,
2025-11-22 03:32:01.128241,BAC,VWAP_Trend,SELL,51.13,10.0,LIMIT,,
2025-11-22 03:32:02.806333,GOOG,Bollinger_Bands_Reversion,SELL,299.38,10.0,LIMIT,,
2025-11-22 03:32:09.653148,SCHX,VWAP_Trend,SELL,MARKET,10.0,MARKET,,
2025-11-22 03:32:22.283635,NVDA,VWAP_Trend,SELL,178.25,10.0,LIMIT,,
2025-11-22 03:32:25.200519,SOXL,VWAP_Trend,SELL,MARKET,10.0,MARKET,,
2025-11-22 03:32:27.654398,TQQQ,VWAP_Trend,SELL,47.47,10.0,LIMIT,,
2025-11-22 03:32:29.790683,IBIT,VWAP_Trend,SELL,47.7,10.0,LIMIT,,
2025-11-22 03:32:33.111560,OPEN,VWAP_Trend,SELL,MARKET,10.0,MARKET,,
2025-11-22 03:32:36.343793,TSLL,VWAP_Trend,SELL,MARKET,10.0,MARKET,,
2025-11-22 03:32:41.635617,INTC,VWAP_Trend,SELL,34.33,10.0,LIMIT,,
2025-11-22 03:32:44.630506,TSLA,VWAP_Trend,SELL,MARKET,10.0,MARKET,,
2025-11-22 03:32:46.819974,IWM,VWAP_Trend,SELL,233.93,10.0,LIMIT,,
2025-11-22 03:32:49.929251,BBAI,VWAP_Trend,SELL,MARKET,10.0,MARKET,,
2025-11-22 03:32:51.850172,SQQQ,MA_Crossover_50_200,SELL,MARKET,10.0,MARKET,,
2025-11-22 03:32:56.418505,SOFI,VWAP_Trend,SELL,MARKET,10.0,MARKET,,
2025-11-22 03:32:58.264477,SPDN,MA_Crossover_50_200,SELL,MARKET,10.0,MARKET,,
2025-11-22 03:33:01.561621,TSLS,MA_Crossover_50_200,SELL,MARKET,10.0,MARKET,,
2025-11-22 03:33:05.303329,ETHA,VWAP_Trend,SELL,20.73,10.0,LIMIT,,
2025-11-22 03:33:09.705491,F,VWAP_Trend,SELL,12.72,10.0,LIMIT,,
2025-11-22 03:33:21.852391,XLF,VWAP_Trend,SELL,51.34,10.0,LIMIT,,
2025-11-22 03:33:24.002339,AMZN,VWAP_Trend,SELL,219.23,10.0,LIMIT,,
2025-11-22 03:33:27.258651,AMD,VWAP_Trend,SELL,MARKET,10.0,MARKET,,
2025-11-22 03:33:29.111574,TZA,MA_Crossover_50_200,SELL,MARKET,10.0,MARKET,,
2025-11-22 03:33:32.817617,AAL,VWAP_Trend,SELL,12.78,10.0,LIMIT,,
2025-11-22 03:33:40.826944,ACHR,VWAP_Trend,SELL,MARKET,10.0,MARKET,,
2025-11-22 03:33:42.584857,T,MA_Crossover_50_200,SELL,25.7,10.0,LIMIT,,
2025-11-22 03:33:45.340380,RSP,VWAP_Trend,SELL,184.09,10.0,LIMIT,,
2025-11-22 03:33:53.532512,NIO,VWAP_Trend,SELL,5.58,10.0,LIMIT,,
2025-11-22 18:14:14.341190,PCG,VWAP_Trend,SELL,MARKET,10.0,MARKET,,
2025-11-22 18:14:22.919228,VALE,VWAP_Trend,SELL,MARKET,10.0,MARKET,,
2025-11-24 16:49:38.933872,ORCL,VWAP_Trend,SELL,194.67,10.0,LIMIT,,
2025-11-24 16:49:40.887172,QBTS,MA_Crossover_50_200,BUY,21.28,94,BRACKET,22.13,20.85
2025-11-24 16:51:26.235229,TSLL,MA_Crossover_50_200,BUY,16.86,119,BRACKET,17.53,16.52
2025-11-24 16:51:28.827893,NVDA,MA_Crossover_50_200,BUY,178.76,11,BRACKET,185.91,175.18
2025-11-24 16:51:31.218047,SOXL,MA_Crossover_50_200,BUY,34.3,58,BRACKET,35.67,33.61
2025-11-24 16:51:34.472280,NVO,Bollinger_Bands_Reversion,BUY,43.69,46,BRACKET,45.44,42.82
2025-11-24 16:51:36.851468,TQQQ,MA_Crossover_50_200,BUY,49.57,40,BRACKET,51.55,48.58
2025-11-24 16:53:45.263488,TSLL,VWAP_Trend,SELL,16.82,119.0,LIMIT,,
2025-11-24 16:53:46.684774,KEY,MA_Crossover_50_200,BUY,18.02,112,BRACKET,18.74,17.66
2025-11-24 16:53:47.984800,NVDA,VWAP_Trend,SELL,176.28,11.0,LIMIT,,
2025-11-24 16:53:50.290559,MU,MA_Crossover_50_200,BUY,221.84,9,BRACKET,230.71,217.4
2025-11-24 16:53:50.430559,SOXL,VWAP_Trend,SELL,33.83,58.0,LIMIT,,
2025-11-24 16:53:53.230099,TQQQ,VWAP_Trend,SELL,49.02,40.0,LIMIT,,
2025-11-24 16:53:54.805516,NVO,MA_Crossover_50_200,SELL,42.78,46.0,LIMIT,,
2025-11-24 16:53:54.882603,WULF,MA_Crossover_50_200,BUY,12.06,167,BRACKET,12.54,11.82
2025-11-24 16:53:58.003284,OPEN,MA_Crossover_50_200,BUY,7.25,278,BRACKET,7.54,7.1
2025-11-24 16:54:02.723774,GOOGL,MA_Crossover_50_200,BUY,320.3,6,BRACKET,333.11,313.89
2025-11-24 16:54:02.747800,BABA,MA_Crossover_50_200,BUY,162.15,12,BRACKET,168.64,158.91
2025-11-24 16:54:31.291260,MU,VWAP_Trend,SELL,218.47,9.0,LIMIT,,
2025-11-24 16:54:34.502701,WULF,VWAP_Trend,SELL,11.83,167.0,LIMIT,,
2025-11-24 16:54:36.005912,NIO,MA_Crossover_50_200,BUY,5.82,347,BRACKET,6.05,5.7
2025-11-24 16:55:11.445501,NIO,VWAP_Trend,SELL,5.69,347.0,LIMIT,,
2025-11-24 16:55:13.099720,SOFI,MA_Crossover_50_200,BUY,26.28,76,BRACKET,27.33,25.75
2025-11-24 18:08:34.356177,TSLA,MA_Crossover_50_200,BUY,420.65,4,BRACKET,437.48,412.24
2025-11-24 18:08:35.083179,TSLA,MA_Crossover_50_200,BUY,420.77,4,BRACKET,437.6,412.35
2025-11-24 18:27:39.202007,AMZN,MA_Crossover_50_200,BUY,227.43,8,BRACKET,236.53,222.88
2025-11-24 18:27:43.817480,NVDA,MA_Crossover_50_200,BUY,183.95,10,BRACKET,186.71,182.11
2025-11-24 18:27:46.367422,TSLL,MA_Crossover_50_200,BUY,17.8,113,BRACKET,18.07,17.62
2025-11-24 18:27:49.159421,ONDS,MA_Crossover_50_200,BUY,8.35,241,BRACKET,8.48,8.27
2025-11-24 18:27:51.588209,SOXL,MA_Crossover_50_200,BUY,36.02,56,BRACKET,36.56,35.66
2025-11-24 18:27:54.446322,TQQQ,MA_Crossover_50_200,BUY,51.27,39,BRACKET,52.04,50.76
2025-11-24 18:27:56.856581,TSLL,MA_Crossover_50_200,BUY,17.8,113,BRACKET,18.51,17.44
2025-11-24 18:27:57.568264,OPEN,MA_Crossover_50_200,BUY,7.58,266,BRACKET,7.69,7.5
2025-11-24 18:27:59.857640,ONDS,MA_Crossover_50_200,BUY,8.35,241,BRACKET,8.68,8.18
2025-11-24 18:28:02.857694,SOXL,MA_Crossover_50_200,BUY,36.02,56,BRACKET,37.46,35.3
2025-11-24 18:28:11.596992,BBAI,MA_Crossover_50_200,BUY,6.18,326,BRACKET,6.27,6.12
2025-11-24 18:28:20.213761,OSCR,MA_Crossover_50_200,BUY,16.43,122,BRACKET,17.09,16.1
2025-11-24 18:28:39.458155,AMZN,VWAP_Trend,SELL,222.66,8.0,LIMIT,,
2025-11-24 18:28:41.205118,RGTI,MA_Crossover_50_200,BUY,24.97,80,BRACKET,25.34,24.72
2025-11-24 18:28:41.375271,RGTI,MA_Crossover_50_200,BUY,24.97,80,BRACKET,25.97,24.47
2025-11-24 18:29:12.706371,TSLL,VWAP_Trend,SELL,17.39,113.0,LIMIT,,
2025-11-24 18:29:14.701569,ONDS,Bollinger_Bands_Reversion,SELL,8.14,241.0,LIMIT,,
2025-11-24 18:29:18.098133,SOXL,VWAP_Trend,SELL,35.22,56.0,LIMIT,,
2025-11-24 18:29:19.985409,TQQQ,MA_Crossover_50_200,BUY,51.22,39,BRACKET,51.99,50.71
2025-11-24 18:29:22.611233,OPEN,MA_Crossover_50_200,BUY,7.56,267,BRACKET,7.67,7.48
2025-11-24 18:29:22.828067,OPEN,MA_Crossover_50_200,BUY,7.56,267,BRACKET,7.86,7.41
2025-11-24 18:29:32.431284,GRAB,MA_Crossover_50_200,BUY,5.35,377,BRACKET,5.56,5.24
2025-11-24 18:29:32.446228,GRAB,MA_Crossover_50_200,BUY,5.35,377,BRACKET,5.43,5.3
2025-11-24 18:29:39.493539,BBAI,MA_Crossover_50_200,BUY,6.19,326,BRACKET,6.28,6.13
2025-11-24 18:29:39.680213,BBAI,MA_Crossover_50_200,BUY,6.19,326,BRACKET,6.44,6.07
2025-11-24 18:30:01.287283,RGTI,VWAP_Trend,SELL,24.46,80.0,LIMIT,,
2025-11-24 18:30:02.508727,NOK,MA_Crossover_50_200,BUY,6.08,332,BRACKET,6.32,5.96
2025-11-24 18:30:03.253045,NOK,MA_Crossover_50_200,BUY,6.08,332,BRACKET,6.17,6.02
2025-11-24 18:31:01.291973,NOK,VWAP_Trend,SELL,5.96,332.0,LIMIT,,
2025-11-24 18:31:07.437326,PFE,MA_Crossover_50_200,BUY,25.67,78,BRACKET,26.06,25.41
2025-11-24 18:31:07.596816,PFE,MA_Crossover_50_200,BUY,25.66,78,BRACKET,26.69,25.15
2025-11-24 18:33:38.542430,GRAB,VWAP_Trend,SELL,5.25,377.0,LIMIT,,
2025-11-24 21:31:21.955191,BBAI,VWAP_Trend,SELL,6.05,326.0,LIMIT,,
2025-11-24 22:45:38.308443,GRAB,MA_Crossover_50_200,BUY,5.27,383,BRACKET,5.48,5.16
2025-11-24 22:45:40.324695,NVDA,MA_Crossover_50_200,BUY,MARKET,10,MARKET,,
2025-11-24 22:45:41.229160,BMNR,MA_Crossover_50_200,BUY,31.21,64,BRACKET,32.46,30.59
2025-11-24 22:45:41.957819,NVDA,VWAP_Trend,SELL,179.54,10.0,LIMIT,,
2025-11-24 22:45:43.674510,ONDS,MA_Crossover_50_200,BUY,8.76,230,LIMIT,,
2025-11-24 22:45:44.879081,INTC,MA_Crossover_50_200,BUY,36.16,55,BRACKET,37.61,35.44
2025-11-24 22:45:46.551145,OPEN,MA_Crossover_50_200,BUY,7.99,252,LIMIT,,
2025-11-24 22:45:56.220553,GRAB,VWAP_Trend,SELL,5.17,383.0,LIMIT,,
2025-11-24 22:45:59.077204,BMNR,VWAP_Trend,SELL,30.6,64.0,LIMIT,,
2025-11-24 22:46:01.393565,INTC,VWAP_Trend,SELL,35.43,55.0,LIMIT,,
2025-11-24 22:46:01.826592,GOOG,VWAP_Trend,BUY,321.99,6,BRACKET,334.87,315.55
2025-11-24 22:46:04.145465,AAPL,MA_Crossover_50_200,BUY,279.59,7,BRACKET,290.77,274.0
2025-11-24 22:46:04.272967,GOOGL,VWAP_Trend,BUY,322.11,6,LIMIT,,
2025-11-24 22:46:16.497406,GOOG,Bollinger_Bands_Reversion,SELL,315.67,6.0,LIMIT,,
2025-11-24 22:46:21.176086,XLF,MA_Crossover_50_200,BUY,52.44,38,LIMIT,,
2025-11-24 22:46:21.299905,AVGO,MA_Crossover_50_200,BUY,383.59,5,BRACKET,398.93,375.92
2025-11-24 22:46:22.690748,XLF,VWAP_Trend,SELL,51.39,38.0,LIMIT,,
2025-11-24 22:46:39.437067,ONDS,Bollinger_Bands_Reversion,SELL,8.59,230.0,LIMIT,,
2025-11-24 22:46:40.425508,ONDS,Volume_Breakout,BUY,8.76,230,BRACKET,9.11,8.58
2025-11-24 22:46:51.163805,ONDS,Bollinger_Bands_Reversion,SELL,8.59,230.0,LIMIT,,
2025-11-24 22:46:52.167781,ONDS,Volume_Breakout,BUY,8.76,230,LIMIT,,
2025-11-24 22:46:54.287107,GOOGL,Bollinger_Bands_Reversion,SELL,315.54,6.0,LIMIT,,
2025-11-24 22:46:56.037595,TSLL,MA_Crossover_50_200,BUY,17.7,114,LIMIT,,
2025-11-24 22:46:56.732986,OSCR,MA_Crossover_50_200,BUY,16.68,121,BRACKET,17.35,16.35
2025-11-24 22:47:45.498383,TSLL,VWAP_Trend,SELL,17.34,114.0,LIMIT,,
2025-11-24 22:47:50.225021,ONDS,Bollinger_Bands_Reversion,SELL,8.6,230.0,LIMIT,,
2025-11-24 22:47:54.747982,TSLL,MA_Crossover_50_200,BUY,17.71,114,LIMIT,,
2025-11-24 22:47:55.718946,TSLL,VWAP_Trend,SELL,17.34,114.0,LIMIT,,
2025-11-24 22:47:57.171483,SOXL,MA_Crossover_50_200,BUY,36.48,55,LIMIT,,
2025-11-24 22:47:58.609925,SOXL,VWAP_Trend,SELL,35.77,55.0,LIMIT,,
2025-11-24 22:48:00.554667,BBAI,MA_Crossover_50_200,BUY,6.28,321,LIMIT,,
2025-11-24 22:53:15.801772,NVDA,MA_Crossover_50_200,BUY,183.43,11,BRACKET,190.77,179.76
2025-11-24 22:53:20.239190,OPEN,MA_Crossover_50_200,BUY,7.92,254,BRACKET,8.24,7.76
2025-11-24 22:53:23.272285,TSLL,MA_Crossover_50_200,BUY,17.93,112,BRACKET,18.65,17.57
2025-11-24 22:53:25.797073,SOXL,MA_Crossover_50_200,BUY,36.46,55,BRACKET,37.92,35.73
2025-11-24 22:53:28.179747,BBAI,MA_Crossover_50_200,BUY,6.29,321,BRACKET,6.54,6.16
2025-11-24 22:53:30.912270,TQQQ,MA_Crossover_50_200,BUY,51.74,39,BRACKET,53.81,50.71
2025-11-24 22:53:40.359530,SOXL,VWAP_Trend,SELL,35.79,55.0,LIMIT,,
2025-11-24 22:53:41.673305,SOFI,MA_Crossover_50_200,BUY,27.8,72,BRACKET,28.91,27.24
2025-11-24 22:53:45.708327,TQQQ,VWAP_Trend,SELL,50.78,39.0,LIMIT,,
2025-11-24 22:53:47.286008,TSLA,MA_Crossover_50_200,BUY,425.25,4,BRACKET,431.63,421.0
2025-11-24 22:53:47.488086,NIO,MA_Crossover_50_200,BUY,5.84,346,BRACKET,6.07,5.72
2025-11-24 22:53:54.014991,AAPL,MA_Crossover_50_200,BUY,278.27,7,BRACKET,289.4,272.7
2025-11-24 22:53:54.030508,INTC,MA_Crossover_50_200,BUY,36.22,55,BRACKET,36.76,35.86
2025-11-24 22:54:00.300869,SOFI,VWAP_Trend,SELL,27.25,72.0,LIMIT,,
2025-11-24 22:54:01.741040,CLSK,MA_Crossover_50_200,BUY,11.66,173,BRACKET,12.13,11.43
2025-11-24 22:54:06.927178,NIO,VWAP_Trend,SELL,5.73,346.0,LIMIT,,
2025-11-24 22:54:09.197526,PLTR,MA_Crossover_50_200,BUY,164.47,12,BRACKET,166.94,162.83
2025-11-24 22:54:23.048628,CLSK,VWAP_Trend,SELL,11.44,173.0,LIMIT,,
2025-11-24 22:54:24.525781,RGTI,MA_Crossover_50_200,BUY,26.66,75,BRACKET,27.06,26.39
2025-11-24 22:54:28.059341,IWM,MA_Crossover_50_200,BUY,242.42,8,BRACKET,246.06,240.0
2025-11-24 22:54:30.828221,ONDS,MA_Crossover_50_200,BUY,8.77,230,BRACKET,9.12,8.59
2025-11-24 22:54:34.631610,PLTD,VWAP_Trend,BUY,7.34,275,BRACKET,7.45,7.27
2025-11-24 22:54:56.338730,ONDS,Bollinger_Bands_Reversion,SELL,8.61,230.0,LIMIT,,
2025-11-24 22:55:00.821831,TSLL,MA_Crossover_50_200,BUY,17.61,114,BRACKET,17.87,17.43
2025-11-24 22:55:02.545796,GOOG,VWAP_Trend,BUY,322.11,6,BRACKET,334.99,315.67
2025-11-24 22:55:25.937364,GOOG,Bollinger_Bands_Reversion,SELL,316.02,6.0,LIMIT,,
2025-11-24 22:56:17.556802,HYG,MA_Crossover_50_200,BUY,81.35,24,BRACKET,84.6,79.72
2025-11-24 22:56:18.606606,AAL,MA_Crossover_50_200,BUY,13.32,151,BRACKET,13.52,13.19
2025-11-24 22:56:32.579627,RGTI,MA_Crossover_50_200,BUY,26.96,74,BRACKET,27.36,26.69
2025-11-24 22:56:35.200257,IREN,MA_Crossover_50_200,BUY,49.38,40,BRACKET,50.12,48.89
2025-11-24 22:56:37.938618,ONDS,MA_Crossover_50_200,BUY,8.85,228,BRACKET,9.2,8.67
2025-11-24 22:57:04.894504,ONDS,Bollinger_Bands_Reversion,SELL,8.67,228.0,LIMIT,,
2025-11-24 22:57:05.908462,ONDS,Volume_Breakout,BUY,8.85,228,BRACKET,8.98,8.76
2025-11-24 22:57:10.356306,SOXL,MA_Crossover_50_200,BUY,36.39,55,BRACKET,36.94,36.03
2025-11-24 22:57:13.042482,AMD,MA_Crossover_50_200,BUY,MARKET,10,MARKET,,
2025-11-24 22:57:36.820749,AMD,VWAP_Trend,SELL,213.34,10.0,LIMIT,,
2025-11-24 22:57:38.318526,CLSK,MA_Crossover_50_200,BUY,11.64,173,BRACKET,11.81,11.52
2025-11-24 22:57:40.714994,ONDS,MA_Crossover_50_200,BUY,8.81,229,BRACKET,9.16,8.63
2025-11-24 22:57:40.962554,RGTI,MA_Crossover_50_200,BUY,26.73,75,BRACKET,27.13,26.46
2025-11-24 22:58:09.134633,ONDS,Bollinger_Bands_Reversion,SELL,8.65,229.0,LIMIT,,
2025-11-24 22:58:14.640570,SOXL,MA_Crossover_50_200,BUY,36.33,55,BRACKET,36.87,35.97
2025-11-24 22:58:15.599215,IREN,MA_Crossover_50_200,BUY,48.96,41,BRACKET,50.92,47.98
2025-11-24 22:58:46.577916,IREN,VWAP_Trend,SELL,47.98,41.0,LIMIT,,
2025-11-24 22:58:48.643890,IWM,MA_Crossover_50_200,BUY,242.41,8,BRACKET,246.05,239.99
2025-11-24 22:58:51.750744,WULF,MA_Crossover_50_200,BUY,12.76,158,BRACKET,12.95,12.63
2025-11-24 22:59:10.212112,AMZN,MA_Crossover_50_200,BUY,228.64,8,BRACKET,237.79,224.07
2025-11-24 22:59:48.023198,AMZN,VWAP_Trend,SELL,223.87,8.0,LIMIT,,
2025-11-24 22:59:53.734373,AMD,MA_Crossover_50_200,BUY,217.17,9,BRACKET,220.43,215.0
2025-11-24 23:12:47.951341,OPEN,MA_Crossover_50_200,BUY,7.81,258,BRACKET,7.93,7.73
2025-11-25 00:24:39.787341,TSLL,VWAP_Trend,SELL,17.51,114.0,LIMIT,,
2025-11-25 00:24:41.279085,SOXL,MA_Crossover_50_200,BUY,36.53,55,BRACKET,37.08,36.16
2025-11-25 00:24:50.254234,SOXL,VWAP_Trend,SELL,35.81,55.0,LIMIT,,
2025-11-25 00:24:52.161623,INTC,MA_Crossover_50_200,BUY,36.08,55,BRACKET,36.62,35.72
2025-11-25 00:25:45.730223,INTC,VWAP_Trend,SELL,35.35,55.0,LIMIT,,
2025-11-25 00:25:50.022426,TQQQ,MA_Crossover_50_200,BUY,51.82,38,BRACKET,52.6,51.3
2025-11-25 00:25:57.518514,TQQQ,VWAP_Trend,SELL,50.8,38.0,LIMIT,,
2025-11-25 00:25:58.774617,SOFI,MA_Crossover_50_200,BUY,27.86,72,BRACKET,28.28,27.58
2025-11-25 00:25:59.539075,GRAB,MA_Crossover_50_200,BUY,5.3,380,BRACKET,5.38,5.25
2025-11-25 00:26:08.348534,SOFI,VWAP_Trend,SELL,27.35,72.0,LIMIT,,
2025-11-25 00:26:49.666731,GRAB,VWAP_Trend,SELL,5.2,380.0,LIMIT,,
2025-11-25 00:26:51.524046,SOXL,MA_Crossover_50_200,BUY,36.51,55,BRACKET,37.06,36.14
2025-11-25 10:16:38.243751,SOXL,VWAP_Trend,SELL,35.01,55.0,LIMIT,,
2025-11-25 11:23:17.503252,TSLL,MA_Crossover_50_200,BUY,17.28,116,BRACKET,17.54,17.11
2025-11-25 11:23:19.860553,SOXL,MA_Crossover_50_200,BUY,35.18,57,BRACKET,35.71,34.83
2025-11-25 11:48:41.777169,NVDX,MA_Crossover_50_200,BUY,16.4,123,BRACKET,16.65,16.24
2025-11-25 11:48:44.696932,TQQQ,MA_Crossover_50_200,BUY,51.13,39,BRACKET,51.9,50.62
2025-11-25 12:09:16.161933,NIO,MA_Crossover_50_200,BUY,6.1,331,BRACKET,6.19,6.04
2025-11-25 12:11:26.307423,NIO,MA_Crossover_50_200,BUY,6.25,323,BRACKET,6.34,6.19
2025-11-25 14:43:39.269424,TSLL,MA_Crossover_50_200,BUY,17.66,13,BRACKET,23.32,13.74
2025-11-25 16:28:01.388925,TSLL,MA_Crossover_50_200,BUY,17.4,13,BRACKET,23.07,13.47
2025-11-25 16:28:03.768713,NIO,MA_Crossover_50_200,BUY,5.62,60,BRACKET,6.84,4.76
2025-11-25 16:28:06.262242,SOXL,MA_Crossover_50_200,BUY,34.53,5,BRACKET,47.57,25.56
2025-11-25 16:28:08.672736,TQQQ,MA_Crossover_50_200,BUY,50.86,7,BRACKET,60.52,44.0
2025-11-25 16:28:18.668522,NVDL,MA_Crossover_50_200,BUY,79.0,2,BRACKET,106.03,60.33
2025-11-25 17:14:40.615085,SOXL,MA_Crossover_50_200,BUY,33.03,5,BRACKET,46.56,23.74
2025-11-25 17:14:42.950770,NIO,MA_Crossover_50_200,BUY,5.52,58,BRACKET,6.76,4.64
2025-11-25 17:14:45.308785,TSLL,MA_Crossover_50_200,BUY,16.91,12,BRACKET,22.68,12.93
2025-11-25 17:14:47.700220,TQQQ,MA_Crossover_50_200,BUY,50.16,7,BRACKET,60.11,43.11
2025-11-25 17:14:50.027286,OPEN,MA_Crossover_50_200,BUY,7.85,23,BRACKET,10.99,5.7
2025-11-25 18:05:42.275415,SOXL,MA_Crossover_50_200,BUY,33.94,5,BRACKET,47.46,24.64
2025-11-25 18:05:44.677947,TQQQ,MA_Crossover_50_200,BUY,50.47,7,BRACKET,60.42,43.42
2025-11-25 18:05:47.087205,TSLL,MA_Crossover_50_200,BUY,17.0,12,BRACKET,22.79,13.01
2025-11-25 18:05:49.489460,NIO,MA_Crossover_50_200,BUY,5.58,58,BRACKET,6.82,4.7
2025-11-25 18:05:51.919668,OPEN,MA_Crossover_50_200,BUY,7.79,23,BRACKET,10.93,5.64
2025-11-25 19:20:32.810902,SOXL,MA_Crossover_50_200,BUY,35.05,3,BRACKET,62.26,21.19
2025-11-25 19:20:35.227035,TQQQ,MA_Crossover_50_200,BUY,51.62,4,BRACKET,71.77,41.15
2025-11-25 19:20:37.615068,TSLL,MA_Crossover_50_200,BUY,17.59,8,BRACKET,29.24,11.63
2025-11-25 19:20:40.337190,ONDS,MA_Crossover_50_200,BUY,8.24,12,BRACKET,15.93,4.33
2025-11-25 19:20:43.415096,NIO,MA_Crossover_50_200,BUY,5.66,39,BRACKET,8.17,4.36
2025-11-25 19:36:35.840939,SOXL,MA_Crossover_50_200,BUY,35.83,5,BRACKET,53.9,26.52
2025-11-25 19:36:38.196797,TQQQ,MA_Crossover_50_200,BUY,52.04,7,BRACKET,65.51,44.92
2025-11-25 19:36:40.605415,TSLL,MA_Crossover_50_200,BUY,17.77,12,BRACKET,25.52,13.76
2025-11-25 19:36:43.086412,ONDS,MA_Crossover_50_200,BUY,8.45,19,BRACKET,13.57,5.83
2025-11-25 19:36:45.398874,OPEN,MA_Crossover_50_200,BUY,7.72,23,BRACKET,11.92,5.56
2025-11-25 20:37:31.875400,SOXL,MA_Crossover_50_200,BUY,35.27,5,BRACKET,53.37,25.95
2025-11-25 20:37:34.200749,TQQQ,MA_Crossover_50_200,BUY,51.82,7,BRACKET,65.31,44.68
2025-11-25 20:37:36.551752,OPEN,MA_Crossover_50_200,BUY,7.65,23,BRACKET,11.86,5.5
2025-11-25 20:37:38.884619,TSLL,MA_Crossover_50_200,BUY,17.64,12,BRACKET,25.4,13.63
2025-11-25 20:37:41.205380,ONDS,MA_Crossover_50_200,BUY,8.23,19,BRACKET,13.35,5.61
2025-11-25 20:40:01.748630,SOXL,MA_Crossover_50_200,BUY,35.28,5,BRACKET,53.38,25.96
2025-11-25 20:40:04.062898,TQQQ,MA_Crossover_50_200,BUY,51.85,7,BRACKET,65.34,44.71
2025-11-25 20:40:06.496988,OPEN,MA_Crossover_50_200,BUY,7.68,23,BRACKET,11.88,5.52
2025-11-25 20:40:08.798119,TSLL,MA_Crossover_50_200,BUY,17.65,12,BRACKET,25.41,13.64
2025-11-25 20:40:11.212498,ONDS,MA_Crossover_50_200,BUY,8.25,19,BRACKET,13.37,5.63
2025-11-25 21:01:57.171722,SOXL,MA_Crossover_50_200,BUY,35.58,5,BRACKET,53.68,26.26
2025-11-25 21:02:04.455164,TQQQ,MA_Crossover_50_200,BUY,51.97,7,BRACKET,65.46,44.83
2025-11-25 21:02:11.664329,OPEN,MA_Crossover_50_200,BUY,7.64,23,BRACKET,11.84,5.49
2025-11-25 21:02:19.085146,ONDS,MA_Crossover_50_200,BUY,8.27,19,BRACKET,13.38,5.65
2025-11-25 21:02:26.416717,TSLL,MA_Crossover_50_200,BUY,17.51,12,BRACKET,25.27,13.5
2025-11-25 22:02:24.091741,ONDS,MA_Crossover_50_200,BUY,8.57,19,BRACKET,13.69,5.95
2025-11-25 22:02:31.212704,SOXL,MA_Crossover_50_200,BUY,35.61,5,BRACKET,53.71,26.29
2025-11-25 22:02:38.549467,OPEN,MA_Crossover_50_200,BUY,7.58,23,BRACKET,11.8,5.42
2025-11-25 22:02:45.823525,TQQQ,MA_Crossover_50_200,BUY,51.99,7,BRACKET,65.48,44.85
2025-11-25 22:02:53.105822,TSLL,MA_Crossover_50_200,BUY,17.66,12,BRACKET,25.42,13.65
2025-11-25 22:11:13.518268,ONDS,MA_Crossover_50_200,BUY,8.58,38,BRACKET,10.47,7.25
2025-11-25 22:11:20.730149,SOXL,MA_Crossover_50_200,BUY,35.62,10,BRACKET,42.29,30.87
2025-11-25 22:11:28.035466,OPEN,MA_Crossover_50_200,BUY,7.55,46,BRACKET,9.11,6.45
2025-11-25 22:11:35.305841,TQQQ,MA_Crossover_50_200,BUY,51.96,14,BRACKET,56.86,48.26
2025-11-25 22:11:42.741694,TSLL,MA_Crossover_50_200,BUY,17.56,25,BRACKET,20.41,15.51
2025-11-25 22:24:42.219222,ANF,VWAP_Trend,BUY,90.12,10,BRACKET,96.52,85.11
2025-11-25 22:24:44.303778,CXDO,MA_Crossover_50_200,BUY,7.07,109,BRACKET,7.72,6.58
2025-11-25 22:24:46.048679,KSS,VWAP_Trend,BUY,22.05,37,BRACKET,23.96,20.59
